,City,Cloud,Humidity,Lat,Lon,Temp,Wind
0,Tuatapere,64,100,-46.13,167.69,55.09,9.33
1,Dingle,48,64,11.0,122.67,84.97,12.68
2,Port Elizabeth,1,64,39.31,-74.98,44.6,8.05
3,Qaanaaq,44,87,77.48,-69.36,-20.42,6.08
4,Kenai,1,37,60.55,-151.26,37.4,10.29
5,Nouadhibou,0,72,20.93,-17.03,62.6,26.4
6,Kapaa,90,94,22.08,-159.32,71.6,12.75
7,Union City,1,65,36.42,-89.06,51.8,2.73
8,Mahebourg,20,78,-20.41,57.7,78.8,10.29
9,Upernavik,8,100,72.79,-56.15,-14.3,8.77
10,Lavumisa,100,99,-27.31,31.88,61.93,8.1
11,Regina,90,86,50.45,-104.62,32.0,25.28
12,Mar del Plata,0,57,-46.43,-67.52,60.4,20.29
13,Torbay,90,100,47.66,-52.73,30.2,26.4
14,Narsaq,0,63,60.91,-46.05,30.2,10.29
15,San Joaquin,48,64,10.59,122.14,84.97,12.68
16,Sambava,80,100,-14.27,50.17,79.3,12.46
17,Hilo,90,54,19.71,-155.08,80.6,5.82
18,Chokurdakh,32,76,70.62,147.9,-11.6,4.74
19,Trincomalee,0,80,8.58,81.23,82.36,5.97
20,Severo-Kurilsk,20,100,50.68,156.12,26.29,3.96
21,Port Alfred,12,95,-33.59,26.89,65.44,14.03
22,Vaini,0,53,15.34,74.49,74.08,2.17
23,Punta Arenas,75,81,-53.16,-70.91,44.6,16.11
24,Cidreira,20,82,-30.17,-50.22,67.69,12.35
25,Barrow,20,78,-38.31,-60.23,60.85,9.78
26,Souillac,75,80,45.6,-0.6,35.6,7.99
27,Rikitea,76,100,-23.12,-134.97,80.02,11.45
28,Castro,92,96,-42.48,-73.76,56.89,9.33
29,Ushuaia,20,70,-54.81,-68.31,46.4,5.82
30,Richards Bay,92,100,-28.77,32.06,64.99,5.3
31,Aksu,90,100,52.04,76.93,35.6,11.18
32,Dikson,44,86,73.51,80.55,-14.21,28.12
33,Milak,0,50,30.97,61.81,55.4,9.17
34,Busselton,0,98,-33.64,115.35,70.21,14.14
35,Sampit,0,84,-2.54,112.95,86.86,4.52
36,Bereda,75,87,43.27,-7.54,48.2,19.46
37,Cururupu,68,88,-1.82,-44.87,78.94,4.18
38,Cabo San Lucas,75,27,22.89,-109.91,78.8,9.17
39,Alice Town,0,100,25.72,-79.3,68.95,16.15
40,Ferkessedougou,8,77,9.6,-5.2,71.65,10.0
41,Las Palmas,40,88,-6.53,-76.35,77.0,3.36
42,Havre-Saint-Pierre,20,64,50.23,-63.6,35.6,14.99
43,Poopo,0,94,-18.38,-66.97,50.77,3.62
44,Georgetown,0,94,6.8,-58.16,73.4,6.93
45,Poso,76,100,-1.4,120.75,79.3,2.95
46,Denpasar,0,78,-8.65,115.22,83.8,2.51
47,Karasjok,48,62,69.47,25.52,21.2,24.16
48,Cape Town,0,82,-33.93,18.42,57.2,4.7
49,Gotsu,20,57,35.01,132.22,51.8,3.36
50,Saint-Philippe,40,59,45.36,-73.48,35.6,4.7
51,Alofi,75,78,-19.06,-169.92,82.4,6.93
52,Henties Bay,0,100,-22.12,14.28,61.57,3.18
53,Lebu,75,51,8.96,38.73,59.0,2.17
54,Gardanne,0,56,43.45,5.47,50.0,25.28
55,Puerto Ayora,20,69,-0.74,-90.35,82.4,11.41
56,Beloha,56,92,-25.17,45.06,74.62,13.13
57,Atuona,80,100,-9.8,-139.03,77.59,8.21
58,Edd,0,45,13.93,41.69,60.22,1.16
59,Albany,75,48,42.65,-73.75,39.2,9.17
60,Naze,40,94,5.43,7.07,75.2,3.74
61,San Isidro,88,97,16.74,121.63,70.93,4.41
62,Duku,76,94,11.24,4.91,72.1,7.76
63,Clyde River,40,67,70.47,-68.59,-23.81,9.17
64,Mikhaylovka,0,60,52.96,103.29,47.08,3.96
65,Nemuro,75,100,43.32,145.57,32.0,16.11
66,Tooele,75,58,40.53,-112.3,60.8,28.86
67,Kaitangata,64,96,-46.28,169.85,56.35,6.2
68,Sidi Ali,0,87,36.1,0.42,33.67,4.63
69,Mataura,68,93,-46.19,168.86,57.25,5.08
70,Soverato,75,87,38.69,16.55,46.4,10.29
71,Chaumont,90,100,48.11,5.14,39.2,3.36
72,Wattegama,0,92,7.35,80.68,76.15,3.96
73,Aswan,0,22,24.09,32.9,78.8,3.36
74,Nishihara,75,47,35.74,139.53,55.4,6.93
75,Tarata,8,90,-17.47,-70.03,42.49,0.94
76,Pevek,88,100,69.7,170.27,7.39,2.28
77,Tulun,64,77,54.56,100.58,38.53,3.4
78,Salalah,20,83,17.01,54.1,75.2,2.24
79,Zharkent,64,68,44.17,80.0,41.32,1.61
80,Hermanus,0,90,-34.42,19.24,47.35,2.73
81,Port Shepstone,92,100,-30.74,30.45,67.06,4.41
82,Jamestown,20,89,-33.21,138.6,67.66,10.2
83,Deming,1,12,32.27,-107.76,80.6,6.93
84,Cooma,92,100,-36.24,149.13,56.98,3.74
85,College,1,33,64.86,-147.8,30.2,9.17
86,Ketchikan,90,87,55.34,-131.65,42.8,8.05
87,Oriximina,36,85,-1.77,-55.87,79.21,2.51
88,Vardo,1,47,39.62,-77.74,41.0,16.11
89,Lima,8,89,-12.06,-77.04,60.49,1.16
90,Lhokseumawe,8,92,5.18,97.15,85.42,3.29
91,New Norfolk,75,52,-42.78,147.06,66.2,12.75
92,Prince Rupert,90,93,54.32,-130.32,39.2,8.05
93,Qaqortoq,0,63,60.72,-46.03,30.2,10.29
94,Udachnyy,0,68,66.42,112.4,14.68,3.4
95,Tuktoyaktuk,20,76,69.44,-133.03,3.2,6.93
96,Atar,0,20,20.52,-13.05,62.02,10.67
97,Thompson,5,39,55.74,-97.86,12.2,5.82
98,Westport,92,100,53.8,-9.52,42.58,10.78
99,Hithadhoo,80,100,-0.6,73.08,84.43,14.25
100,Cherskiy,92,83,68.75,161.3,-5.48,6.76
101,Hobart,75,52,-42.88,147.33,66.2,12.75
102,Coquimbo,0,82,-29.95,-71.34,59.0,2.24
103,Komsomolskiy,48,74,67.55,63.78,-3.5,10.45
104,Kavieng,36,93,-2.57,150.8,86.5,12.91
105,Cayenne,75,83,4.94,-52.33,77.0,8.66
106,Sainte-Rose,75,64,45.61,-73.79,35.6,6.93
107,Vestmannaeyjar,88,93,63.44,-20.27,39.88,12.12
108,Smithers,90,100,54.78,-127.17,30.2,6.93
109,Yulara,0,22,-25.24,130.99,87.8,12.75
110,Siavonga,32,93,-16.54,28.71,71.2,4.18
111,Tura,0,89,25.52,90.21,69.85,4.41
112,Bluff,48,73,-23.58,149.07,79.75,15.82
113,Hovd,75,80,63.83,10.7,37.4,6.93
114,Norman Wells,20,55,65.28,-126.83,10.4,2.24
115,Sernur,32,62,56.93,49.15,0.37,2.95
116,Vinh,24,85,18.67,105.69,70.48,3.96
117,Ajdabiya,88,68,30.75,20.22,56.53,6.87
118,Kristiansund,92,100,63.12,7.73,35.6,5.82
119,Nikolskoye,90,92,59.7,30.79,30.2,17.9
120,Sur,0,94,22.57,59.53,73.99,5.41
121,Houma,92,54,35.63,111.36,57.52,3.06
122,Tasiilaq,88,86,65.61,-37.64,28.4,4.7
123,Butaritari,64,100,3.07,172.79,82.54,18.72
124,Bambous Virieux,20,78,-20.34,57.76,78.8,10.29
125,Fortuna,0,42,38.18,-1.13,48.2,5.82
126,Yantal,92,81,56.85,105.25,30.25,3.18
127,Banda Aceh,12,80,5.56,95.32,83.26,3.62
128,Khatanga,20,72,71.98,102.47,-16.28,4.18
129,Lazaro Cardenas,75,15,28.39,-105.62,82.4,6.93
130,Minas,0,72,-34.38,-55.24,64.4,9.17
131,Pimenta Bueno,0,96,-11.68,-61.19,74.71,2.06
132,Vadso,32,85,70.07,29.75,10.4,12.75
133,Buckeye,1,19,33.37,-112.58,86.0,10.29
134,Arraial do Cabo,75,94,-22.97,-42.02,77.0,5.82
135,Avarua,40,74,-21.21,-159.78,86.0,11.41
136,Ancud,76,96,-41.87,-73.83,57.97,10.67
137,Hambantota,32,100,6.12,81.12,82.72,11.79
138,Nerchinskiy Zavod,0,36,51.31,119.61,39.34,5.64
139,Xanlar,40,58,40.56,46.33,53.6,6.93
140,Polewali,48,75,-4.03,119.8,85.96,9.1
141,Morehead,1,47,38.18,-83.43,37.4,6.93
142,Maryborough,92,97,-25.54,152.7,69.85,5.64
143,Yeppoon,75,83,-23.13,150.74,77.0,14.99
144,Luderitz,0,100,-26.65,15.16,57.2,5.82
145,Ostrovnoy,0,75,68.05,39.51,7.03,10.78
146,Novouzensk,64,92,50.46,48.14,25.12,18.05
147,Rocha,12,62,-34.48,-54.34,58.87,9.22
148,Ansbach,90,96,49.3,10.57,33.8,9.17
149,San Nicolas,92,98,14.94,-88.33,66.7,2.17
150,Murmashi,40,78,68.82,32.82,12.2,6.71
151,Pingliang,64,66,35.54,106.68,53.47,3.18
152,Manggar,0,93,-2.88,108.27,85.51,3.96
153,Bara,0,58,10.41,10.6,80.56,13.13
154,Zhangye,0,85,38.94,100.46,47.89,4.18
155,Caucaia,40,78,-3.73,-38.66,82.4,6.93
156,Yellowknife,75,64,62.45,-114.38,1.4,3.36
157,Gornyy,88,88,51.76,48.54,23.95,16.37
158,Autazes,32,97,-3.58,-59.13,75.97,2.51
159,Magadan,0,43,59.56,150.8,12.2,8.95
160,Zyryanskoye,92,93,56.83,86.62,42.22,16.82
161,Kruisfontein,0,91,-34.0,24.73,61.03,11.12
162,Elk,88,94,53.83,22.36,28.45,6.08
163,Asyut,0,38,27.18,31.19,73.4,9.17
164,Walvis Bay,0,87,-22.95,14.51,59.0,6.93
165,Lompoc,90,77,34.64,-120.46,62.6,6.93
166,Opuwo,12,82,-18.06,13.84,57.52,3.85
167,Payo,36,94,-3.75,103.64,80.65,4.63
168,Bougouni,0,35,11.42,-7.49,71.47,8.66
169,Ust-Kut,92,73,56.78,105.75,30.07,3.29
170,Airai,44,70,-8.93,125.41,81.19,2.62
171,Broken Hill,48,75,-31.97,141.45,73.54,4.74
172,Baculin,24,83,7.45,126.58,81.82,6.76
173,Esperance,20,78,10.24,-61.45,77.0,3.36
174,Adrar,0,16,27.87,-0.29,48.2,8.05
175,Hereford,92,95,52.06,-2.72,43.12,15.37
176,Stokmarknes,0,100,68.56,14.91,24.31,8.21
177,Salina,1,39,36.29,-95.15,69.8,8.05
178,Fort Nelson,90,72,58.81,-122.69,12.2,8.05
179,Isangel,80,100,-19.55,169.27,79.66,11.45
180,Akureyri,0,80,65.68,-18.09,35.6,14.99
181,Ambilobe,12,95,-13.19,49.05,70.75,2.62
182,Nioro,12,31,13.79,-15.05,71.83,10.11
183,Abu Kamal,0,32,34.45,40.92,51.49,7.2
184,Muravlenko,20,54,63.79,74.5,-18.98,11.68
185,Tema,20,88,5.66,-0.01,80.6,11.41
186,Valvedditturai,0,97,9.82,80.17,82.54,1.39
187,Bubaque,0,73,11.28,-15.83,75.2,6.93
188,Kehtna,90,86,58.92,24.87,30.2,13.87
189,Grindavik,75,100,63.84,-22.43,37.4,16.11
190,General Roca,90,55,-39.03,-67.58,66.2,18.72
191,Lagoa,0,81,37.14,-8.45,50.0,10.29
192,Saint-Leu,0,73,-21.15,55.28,75.2,6.93
193,Gillette,90,50,44.29,-105.5,53.6,21.92
194,Puerto El Triunfo,0,65,13.27,-88.55,80.6,4.7
195,Nyurba,88,78,63.29,118.35,23.5,3.74
196,Zhaoyang,68,80,42.68,126.03,46.72,4.85
197,Iquitos,75,88,-3.75,-73.25,78.8,6.93
198,Olonets,88,98,60.98,32.97,27.37,7.2
199,Morristown,1,51,36.21,-83.29,39.2,3.36
200,Ariquemes,12,89,-9.91,-63.03,77.05,1.83
201,Bathsheba,20,78,13.22,-59.52,78.8,14.99
202,Lahad Datu,64,83,5.02,118.33,83.08,3.62
203,Uulu,0,78,58.28,24.58,22.6,10.45
204,Hobyo,0,92,5.35,48.53,77.77,5.19
205,Wanning,75,94,48.64,13.53,32.0,4.7
206,Bredasdorp,0,96,-34.53,20.04,63.91,17.49
207,Katsuura,40,65,33.93,134.5,46.4,11.41
208,Hofn,0,99,64.25,-15.21,37.99,7.54
209,Nago,20,80,45.88,10.89,33.8,1.12
210,Huangpi,0,71,30.88,114.37,57.2,11.18
211,Constitucion,40,5,23.99,-104.67,84.2,2.24
212,Buzmeyin,40,81,38.05,58.21,51.8,2.24
213,Saskylakh,48,80,71.97,114.09,-8.36,9.78
214,Chuy,12,90,-33.69,-53.46,60.76,8.43
215,Fenoarivo,75,88,-18.93,47.44,66.2,4.7
216,Vostok,0,63,46.45,135.83,39.7,2.95
217,Kalmunai,48,84,7.42,81.82,79.12,4.63
218,Tautira,40,74,-17.73,-149.15,84.2,8.05
219,Saint-Pierre,90,93,48.95,4.24,39.2,4.7
220,Carnarvon,0,93,-30.97,22.13,51.22,6.53
221,Cabedelo,20,78,-6.97,-34.84,78.8,4.7
222,Igurubi,32,96,-4.0,33.71,58.6,2.95
223,Mount Vernon,75,93,48.42,-122.33,44.6,4.7
224,Izumo,20,66,35.37,132.75,48.2,2.24
225,Beringovskiy,64,97,63.05,179.32,31.87,36.28
226,Sisimiut,0,55,66.94,-53.67,-19.52,1.61
227,Vestmanna,92,86,62.16,-7.17,39.2,6.76
228,Chon Daen,0,52,16.19,100.86,85.87,4.97
229,Byron Bay,40,57,-28.65,153.62,80.6,14.99
230,Iqaluit,20,68,63.75,-68.52,-14.81,9.17
231,Awjilah,92,55,29.14,21.3,62.11,15.37
232,Te Anau,36,82,-45.41,167.72,52.12,3.51
233,Batagay-Alyta,44,83,67.8,130.41,10.99,3.4
234,Chernyshevskiy,8,80,63.01,112.47,22.6,3.51
235,Aztec,90,25,36.82,-107.99,66.2,3.36
236,Angul,0,67,20.84,85.1,82.36,4.41
237,Wasilla,1,29,61.58,-149.44,37.4,8.05
238,Sola,90,100,58.89,5.65,35.6,5.82
239,Sao Filipe,0,93,14.9,-24.5,70.93,17.38
240,Erdenet,0,49,49.03,104.04,45.28,3.96
241,Kirensk,56,66,57.78,108.12,32.14,5.53
242,Lewistown,90,64,40.39,-90.15,48.2,5.82
243,Flin Flon,80,79,54.77,-101.88,23.5,9.22
244,Kodiak,1,44,39.95,-94.76,57.2,12.75
245,Petauke,32,89,-14.25,31.33,70.12,7.76
246,Ponta do Sol,44,96,-20.63,-46.0,66.52,2.84
247,Qandala,0,79,11.47,49.87,57.43,2.39
248,Marawi,92,100,8.0,124.29,70.21,1.72
249,Damghan,0,80,36.17,54.34,42.4,2.73
250,Malindi,8,95,-3.22,40.12,75.79,1.28
251,Vao,80,81,59.1,26.19,27.01,11.9
252,Pierre,1,70,44.37,-100.35,46.4,12.75
253,Muros,90,100,42.77,-9.06,42.8,3.36
254,Makakilo City,90,94,21.35,-158.09,73.4,3.36
255,Leningradskiy,92,99,69.38,178.42,30.97,24.99
256,Mezhova,8,58,48.26,36.73,2.17,2.95
257,Omurtag,92,92,43.1,26.42,30.2,6.93
258,Port Macquarie,75,94,-31.43,152.91,68.0,4.7
259,Guangzhou,0,63,23.13,113.26,64.4,4.47
260,Ribeira Grande,92,99,38.52,-28.7,62.29,14.92
261,Aljezur,76,100,37.31,-8.8,54.73,11.9
262,Slobozia-Ciorasti,92,90,45.62,27.2,24.85,7.99
263,Kiama,75,68,-34.67,150.86,69.8,5.82
264,Hamilton,20,68,43.26,-79.87,33.8,10.29
265,Hasaki,75,62,35.73,140.83,53.6,8.05
266,Sabha,0,34,27.03,14.43,50.32,14.03
267,Shieli,0,83,44.18,66.74,39.43,9.78
268,Longyearbyen,40,56,78.22,15.63,14.0,11.41
269,Klaksvik,92,86,62.23,-6.59,39.2,7.09
270,Tomatlan,0,79,19.93,-105.25,70.48,2.95
271,Bonavista,92,93,48.65,-53.11,31.42,28.68
272,Hukuntsi,20,90,-23.98,21.76,56.8,2.95
273,Namibe,56,100,-15.19,12.15,77.41,9.22
274,Sulangan,32,100,11.14,123.72,81.82,12.24
275,Kailua,90,73,21.39,-157.74,73.4,4.7
276,Tarpon Springs,1,62,28.15,-82.76,57.2,4.7
277,Gat,0,41,14.69,-16.54,75.2,4.7
278,Praia da Vitoria,12,100,38.73,-27.07,62.02,15.03
279,Dunedin,80,88,-45.87,170.5,55.72,3.51
280,Liverpool,75,87,53.41,-2.98,44.6,17.22
281,Kisangani,68,100,0.52,25.21,70.3,2.06
282,Klyuchi,92,97,52.25,79.17,38.8,14.14
283,Lasa,88,49,34.92,32.53,68.0,10.29
284,Koumac,80,75,-20.56,164.28,82.99,10.45
285,Novobiryusinskiy,48,89,56.96,97.71,31.6,4.63
286,Ola,0,43,59.58,151.3,12.2,8.95
287,Faya,0,33,18.39,42.45,60.8,6.76
288,Tabalosos,40,88,-6.39,-76.63,77.0,3.36
289,Putina,40,66,-14.91,-69.87,50.0,5.82
290,Pangnirtung,20,78,66.15,-65.72,-17.9,10.22
291,Tari,88,88,12.41,4.49,72.82,5.64
292,San Quintin,20,47,17.54,120.52,78.8,2.24
293,Alta Floresta,0,94,-9.87,-56.08,75.25,2.06
294,Victoria,75,88,5.28,115.24,82.4,3.36
295,Saldanha,36,84,41.42,-6.55,38.35,4.07
296,Chumikan,44,63,54.72,135.31,26.47,4.63
297,Harrisburg,1,41,40.27,-76.89,42.8,13.87
298,Tiksi,68,83,71.64,128.87,5.23,3.74
299,Calvia,20,71,39.57,2.51,51.8,11.41
300,Saint-Joseph,0,67,43.56,6.97,46.4,4.7
301,Voyinka,92,93,45.87,33.99,29.98,13.8
302,San Jose de Guanipa,48,56,8.89,-64.17,78.85,15.03
303,Geraldton,20,25,49.72,-86.95,28.4,5.82
304,East London,88,100,-33.02,27.91,69.22,16.82
305,George,20,88,6.63,3.35,80.6,2.24
306,Arman,0,43,59.7,150.17,12.2,8.95
307,Taoudenni,0,25,22.68,-3.98,49.87,8.99
308,Berlevag,76,100,70.86,29.09,24.04,19.17
309,Portland,75,49,45.52,-122.67,48.2,17.22
310,Umm Kaddadah,0,21,13.6,26.69,59.95,4.18
311,Talakan,88,76,50.29,130.28,38.44,6.42
312,Provideniya,88,94,64.42,-173.23,32.05,35.05
313,Honningsvag,76,100,70.98,25.97,25.75,22.19
314,Wiarton,5,73,44.74,-81.13,26.6,12.57
315,Karratha,32,31,-20.74,116.85,98.29,4.63
316,Pangody,0,64,65.85,74.49,-34.82,3.96
317,Nanortalik,0,99,60.14,-45.24,24.04,35.84
318,Oistins,20,78,13.07,-59.53,78.8,14.99
319,Diffa,0,35,13.32,12.61,70.75,6.2
320,Petropavlovsk-Kamchatskiy,0,41,53.05,158.65,24.8,13.42
321,Santa Cruz Cabralia,20,88,-16.28,-39.02,78.8,5.82
322,Kampot,64,85,10.62,104.18,80.38,6.64
323,Kaeo,92,95,-35.1,173.78,68.32,10.33
324,Abalak,24,22,15.46,6.28,70.66,13.8
325,Rabo de Peixe,40,93,37.8,-25.58,60.8,13.87
326,Tramandai,20,82,-29.98,-50.13,67.69,12.35
327,Maceio,0,88,-9.67,-35.74,77.0,4.7
328,Sobolevo,92,91,54.43,31.9,30.52,18.28
329,Tsotilion,80,100,40.27,21.32,37.72,2.06
330,Midland,0,24,32.0,-102.08,82.4,17.22
331,Yakeshi,0,73,49.28,120.73,35.29,8.66
332,Tazovskiy,0,56,67.47,78.7,-32.21,3.18
333,Fairbanks,1,33,64.84,-147.72,30.2,9.17
334,Abaza,8,59,52.65,90.1,44.92,3.4
335,Bandarbeyla,92,100,9.49,50.81,77.77,2.17
336,Sheridan,75,37,39.65,-105.03,68.0,8.66
337,Verkhnyaya Inta,64,66,65.99,60.32,-4.85,2.95
338,Hami,0,49,42.84,93.51,62.65,10.0
339,Nome,1,63,30.04,-94.42,62.6,5.82
340,Nanakuli,40,88,21.39,-158.15,73.4,5.82
341,Kattivakkam,75,78,13.22,80.32,80.6,4.7
342,Odessa,0,24,31.85,-102.37,82.4,17.22
343,Faanui,20,100,-16.48,-151.75,82.99,9.89
344,Deputatskiy,56,84,69.3,139.9,3.97,3.96
345,Khasan,0,65,42.43,130.64,40.42,5.41
346,Butterworth,75,78,5.4,100.37,84.2,4.7
347,Potam,90,24,27.6,-110.38,78.8,2.24
348,Husavik,0,81,50.56,-96.99,21.79,7.76
349,Eenhana,20,98,-17.48,16.34,65.62,6.42
350,Banyo,8,84,6.75,11.81,60.76,2.84
351,High Level,75,57,58.52,-117.13,19.4,5.82
352,Mount Isa,0,38,-20.73,139.49,87.8,16.11
353,Mlimba,80,97,-8.78,35.81,68.86,1.61
354,Lethem,8,59,3.38,-59.8,81.55,14.81
355,Pacific Grove,75,66,36.62,-121.92,57.2,12.75
356,Tarko-Sale,0,73,64.92,77.78,-24.56,6.31
357,San Cristobal,75,82,-0.39,-78.55,55.4,9.17
358,Ahipara,64,100,-35.17,173.16,66.07,3.29
359,Indiaroba,80,85,-11.53,-37.51,76.87,7.2
360,Vrangel,0,92,42.73,133.08,34.57,5.3
361,Caravelas,68,100,-17.73,-39.27,81.37,14.25
362,Kavaratti,0,100,10.57,72.64,83.35,11.01
363,Ust-Nera,0,74,64.57,143.24,0.46,2.62
364,Ocean Springs,1,71,30.41,-88.83,60.8,4.7
365,Sabang,92,92,13.72,123.58,78.67,16.37
366,Dubbo,40,50,-32.25,148.6,75.2,21.92
367,Saint George,90,93,39.45,22.34,50.0,5.82
368,Polovinnoye,88,91,54.79,65.99,24.76,9.33
369,Matinhos,75,94,-25.82,-48.53,71.6,3.36
370,Evanston,90,69,42.04,-87.69,39.2,6.93
371,Sibolga,48,95,1.74,98.78,75.07,2.39
372,Ferrol,75,87,43.48,-8.23,48.2,19.46
373,Garden City,1,48,40.73,-73.63,46.4,5.82
374,Ayan,92,55,40.67,33.6,50.5,11.01
375,Ayna,0,60,38.55,-2.07,41.0,14.99
376,Kieta,68,93,-6.22,155.63,84.25,5.64
377,Road Town,40,100,18.42,-64.62,73.4,10.29
378,Kem,0,92,2.68,33.77,62.2,3.96
379,Guantanamo,0,80,-16.14,-62.05,76.87,5.64
380,Port Lincoln,0,73,-34.72,135.86,76.6,8.43
381,Castro-Urdiales,80,87,43.38,-3.22,42.8,3.36
382,Antalaha,76,93,-14.9,50.28,75.61,7.65
383,Waipawa,12,83,-39.94,176.59,63.37,11.9
384,Coffs Harbour,75,88,-30.3,153.13,71.6,10.29
385,Mhlume,100,100,-26.03,31.81,59.0,3.36
386,Sault Sainte Marie,1,73,46.49,-84.36,26.6,8.05
387,Arnedo,48,64,42.23,-2.1,37.4,5.82
388,La Vista,1,44,41.18,-96.03,57.2,10.29
389,Chara,90,93,39.42,22.43,50.0,5.82
390,Kinablangan,56,100,7.69,126.55,79.03,7.43
391,Tallahassee,1,35,30.44,-84.28,57.2,3.36
392,Novosheshminsk,64,85,55.06,51.22,15.22,8.32
393,Glenwood Springs,90,64,39.55,-107.33,57.2,17.22
394,Saint-Augustin,75,86,44.83,-0.61,33.8,2.24
395,Gravdal,68,93,59.79,5.78,35.6,14.99
396,Elko,90,87,40.83,-115.76,44.6,9.17
397,Marabba,0,44,12.35,32.18,65.35,3.74
398,Boralday,90,54,43.36,76.86,57.2,8.95
399,Nantucket,90,93,41.28,-70.1,39.2,9.17
400,Pangoa,8,97,-12.12,-73.0,65.08,2.06
401,Albania,20,96,5.76,-73.91,60.58,3.74
402,Salta,0,88,-24.79,-65.41,62.6,6.93
403,Thornaby,64,81,54.54,-1.29,44.6,10.29
404,Flinders,75,68,-34.58,150.85,69.8,5.82
405,Cam Ranh,32,86,11.92,109.15,76.96,13.13
406,Kharp,64,65,66.82,65.8,-22.31,2.84
407,Booue,88,96,-0.09,11.94,73.63,2.62
408,Beruwala,0,92,6.48,79.98,84.79,10.89
409,Zabid,0,41,14.2,44.5,39.25,2.51
410,Kirakira,80,100,-10.46,161.92,81.1,18.28
411,Brae,88,93,60.4,-1.35,42.8,9.17
412,Maniitsoq,24,93,65.42,-52.9,2.98,7.99
413,Ilula,88,100,-7.68,36.04,61.66,1.72
414,Bethel,75,55,60.79,-161.76,35.6,8.05
415,Voznesenye,88,91,61.02,35.48,25.66,2.51
416,Erechim,75,100,-27.64,-52.27,69.8,13.87
417,Baryatino,88,90,54.31,34.52,30.07,11.56
418,Kudahuvadhoo,0,100,2.67,72.89,83.8,9.89
419,Khabary,92,96,53.63,79.53,35.65,13.47
420,Soyo,100,95,-6.13,12.37,77.05,3.06
421,Mana,90,86,43.52,20.24,26.6,2.24
422,Samarai,32,100,-10.62,150.67,82.9,6.31
423,Wawa,76,97,9.9,4.41,71.47,8.77
424,Itoman,40,45,26.12,127.67,64.4,11.41
425,Cap Malheureux,20,78,-19.98,57.61,78.8,10.29
426,Vytegra,80,91,61.01,36.45,25.57,5.75
427,Wlodawa,0,65,51.55,23.55,12.79,4.74
428,Tairua,100,78,-37.02,175.85,66.43,7.76
429,Lamar,1,16,38.09,-102.62,69.8,10.29
430,Kodinsk,76,72,58.6,99.18,26.29,3.51
431,Balad,0,100,-6.76,108.42,84.25,1.28
432,Naples,1,55,26.14,-81.79,62.6,9.17
433,Nichinan,40,40,31.65,131.31,53.6,6.93
434,Bani,8,91,15.89,120.27,78.13,2.73
435,Tchibanga,88,100,-2.92,11.0,74.35,2.62
436,Bud,92,93,62.91,6.91,35.6,5.82
437,Weiser,90,58,44.25,-116.97,53.6,21.92
438,Comodoro Rivadavia,0,54,-45.87,-67.48,59.0,6.93
439,Roald,88,100,62.58,6.12,35.6,3.36
440,Grand Gaube,20,78,-20.01,57.66,78.8,10.29
441,Muisne,24,94,0.61,-80.02,70.3,2.73
442,Cairns,75,70,-16.92,145.77,84.2,11.41
443,Sungaipenuh,80,99,-2.08,101.38,68.32,1.16
444,Chute-aux-Outardes,1,74,49.12,-68.38,28.4,3.36
445,Hennef,75,87,50.78,7.28,42.8,6.93
446,Half Moon Bay,1,57,37.46,-122.43,55.4,20.8
447,Solnechnyy,0,76,50.72,136.64,33.67,4.63
448,Novoagansk,80,79,61.94,76.66,8.47,7.43
449,Port Blair,0,100,11.67,92.75,82.63,4.74
450,Florianopolis,75,83,-27.6,-48.55,71.6,2.24
451,Vila Velha,40,78,-3.71,-38.6,82.4,6.93
452,Nha Trang,32,86,12.24,109.19,76.96,13.13
453,Xuddur,0,88,4.12,43.89,67.6,5.64
454,Wichita Falls,1,47,33.91,-98.49,77.0,14.99
455,Belmonte,8,88,40.36,-7.35,34.93,2.73
456,Wasco,90,82,35.59,-119.34,62.6,6.93
457,Bismarck,90,88,46.81,-100.78,33.8,16.11
458,Midyat,75,76,37.42,41.36,53.6,6.93
459,Ban Nahin,0,55,18.24,104.21,76.15,2.95
460,Kokoda,24,81,-8.88,147.74,75.07,1.16
461,Mandalgovi,0,76,45.76,106.27,40.69,4.52
462,Sechura,92,85,-5.56,-80.82,71.74,5.3
463,Tessalit,0,18,20.2,1.01,51.49,17.27
464,Coahuayana,0,52,18.62,-100.35,72.37,2.95
465,Hauterive,90,96,46.09,3.45,39.2,4.7
466,Lakes Entrance,0,74,-37.88,147.99,71.65,9.44
467,Svetlaya,24,100,46.54,138.33,30.52,5.75
468,Vyazemskiy,0,51,47.53,134.76,46.27,3.85
469,Digoin,90,96,46.48,3.98,39.2,6.93
470,Bahia Blanca,56,76,-38.72,-62.27,62.74,7.2
471,Innisfail,90,86,52.02,-113.95,30.2,9.17
472,Polis,88,49,35.04,32.42,68.0,10.29
473,Puerto Quijarro,0,89,-19.0,-57.72,76.78,3.06
474,Toamasina,40,94,-18.17,49.38,75.2,2.84
475,Aberdeen,40,93,45.47,-98.49,35.6,9.17
476,Annau,40,81,37.89,58.52,51.8,2.24
477,Nguruka,24,100,-5.11,31.04,62.92,3.51
478,Ramsar,0,87,36.92,50.64,51.8,11.56
479,Alamos,64,72,-36.9,-62.36,56.08,0.94
480,Rawson,0,31,-43.3,-65.11,68.23,13.24
481,Mirnyy,76,94,56.57,36.46,28.99,16.26
482,Nizwa,0,70,22.93,57.53,52.48,4.18
483,Leh,36,83,34.16,77.58,4.69,0.83
484,Pathein,0,73,16.78,94.73,83.8,4.63
485,Seoul,40,54,37.57,126.98,42.8,3.36
486,Chipinge,12,97,-20.19,32.62,65.89,3.4
487,Thinadhoo,68,100,0.53,72.93,84.16,13.47
488,Ust-Barguzin,8,73,53.41,109.03,37.99,2.17
489,Alice Springs,0,28,-23.7,133.88,86.0,13.87
490,Velsk,88,89,61.07,42.1,20.17,9.44
491,Dire Dawa,68,86,9.59,41.86,52.66,2.84
492,Nadvoitsy,64,80,63.89,34.27,16.48,9.22
493,Menongue,76,100,-14.66,17.68,62.29,1.61
494,Kabare,0,100,-1.65,29.38,49.69,2.39
495,Palmer,1,34,61.6,-149.11,37.4,6.93
496,Kamenka,76,89,53.19,44.05,19.18,8.88
497,San Andres,56,100,13.32,122.68,79.84,23.31
498,Porterville,75,82,36.07,-119.02,66.2,6.93
499,Sabaudia,0,60,41.3,13.03,39.2,5.82
500,Black River,75,78,18.03,-77.85,80.6,13.87
501,Benghazi,40,54,32.12,20.07,55.4,14.99
502,Kedougou,0,53,12.56,-12.19,68.68,4.07
503,Kawalu,0,81,-7.38,108.21,76.96,3.06
504,La Rioja,0,65,-29.41,-66.86,65.62,2.95
505,Amiens,90,86,49.89,2.3,41.0,8.05
506,Tawang,44,68,27.59,91.87,40.6,1.72
507,Fort Collins,90,66,40.55,-105.07,68.0,4.41
508,Northam,75,100,51.04,-4.21,44.6,18.34
509,Goderich,0,81,43.74,-81.71,23.86,10.78
510,Ilulissat,48,70,69.22,-51.1,-0.41,16.11
511,Angoche,92,100,-16.23,39.91,80.65,6.2
512,Changji,0,72,32.07,116.17,67.6,4.52
513,Gariaband,0,30,20.63,82.06,83.17,3.29
514,San Patricio,32,76,-26.98,-56.83,76.6,3.29
515,Itarema,80,91,-2.92,-39.92,78.31,6.87
516,Zanesville,1,47,39.94,-82.01,33.8,3.36
517,Luang Prabang,75,83,19.89,102.14,69.8,1.83
518,Guerrero Negro,92,65,27.97,-114.04,66.34,4.18
519,Talnakh,8,67,69.49,88.39,-23.21,3.06
520,Kendari,8,71,-3.99,122.52,87.58,6.98
521,Puerto Colombia,40,88,10.99,-74.96,80.6,17.22
522,Neryungri,76,68,56.66,124.71,23.23,9.78
523,Ponta Delgada,40,93,37.73,-25.67,60.8,13.87
524,Beyneu,92,80,45.32,55.19,35.38,17.16
525,Vila Franca do Campo,40,93,37.72,-25.43,60.8,13.87
526,Yar-Sale,0,76,66.83,70.83,-25.1,7.87
527,Yanam,0,75,16.73,82.22,83.62,3.96
528,Simao,12,88,22.76,100.79,65.62,2.95
529,Margate,75,52,-43.03,147.26,66.2,12.75
530,Destin,1,29,30.39,-86.5,62.6,9.17
531,Neepawa,75,86,50.23,-99.46,30.2,10.29
532,Esmeraldas,0,93,-19.76,-44.31,69.8,1.12
533,Bela,0,63,26.23,66.31,60.49,1.72
534,Atasu,80,93,48.68,71.64,31.51,16.49
535,Kampene,32,98,-3.59,26.67,66.97,1.39
536,Morgan City,1,67,29.7,-91.21,60.8,5.82
537,Hualmay,32,88,-11.1,-77.61,66.7,1.28
538,Takaka,92,100,-40.86,172.81,57.25,11.68
539,Ulladulla,75,68,-35.36,150.48,69.8,5.82
540,Giddalur,0,59,15.38,78.93,84.07,4.18
541,San Roque,56,100,0.3,-78.23,49.33,1.61
542,Koslan,76,86,63.46,48.9,9.91,3.4
543,Meulaboh,32,100,4.14,96.13,82.09,6.2
544,Coihaique,75,93,-45.58,-72.07,48.2,9.17
545,Mahibadhoo,0,98,3.78,72.97,84.43,10.0
546,Gay,90,85,51.47,58.44,21.2,15.66
547,Lata,0,65,30.78,78.62,46.54,2.06
548,Tongliao,92,44,43.61,122.27,47.89,6.42
549,Aklavik,20,55,68.22,-135.01,10.4,4.52
550,Okhansk,0,84,57.72,55.39,6.8,6.71
